Rank,Company Name,Employees,Revenues,Profits,Assets,MarketValue 
1,Walmart,2200000.00,523964.00,14881.00,236495.00,321803.30
2,Amazon.com,798000.00,280522.00,11588.00,225248.00,970680.10
3,Exxon Mobil,74900.00,264938.00,14340.00,362597.00,160696.30
4,Apple,137000.00,260174.00,55256.00,338516.00,1112640.80
5,CVS Health,290000.00,256776.00,6634.00,222449.00,77375.80
6,Berkshire Hathaway,391500.00,254616.00,81417.00,817729.00,442897.10
7,UnitedHealth Group,325000.00,242155.00,13839.00,173889.00,236555.20
8,McKesson,70000.00,214319.00,34.00,59672.00,21845.00
9,AT&T,247800.00,181193.00,13903.00,551669.00,209387.50
10,AmerisourceBergen,21500.00,179589.10,855.40,39172.00,18221.40
11,Alphabet,118899.00,161857.00,34343.00,275909.00,798905.30
12,Ford Motor,190000.00,155900.00,47.00,258537.00,19150.60
13,Cigna,73700.00,153566.00,5104.00,155774.00,65896.70
14,Costco Wholesale,201500.00,152703.00,3659.00,45400.00,125907.70
15,Chevron,48200.00,146516.00,2924.00,237428.00,136175.90
16,Cardinal Health,49500.00,145534.00,1363.00,40963.00,13988.10
17,JPMorgan Chase,256981.00,142422.00,36431.00,2687379.00,276750.10
18,General Motors,164000.00,137237.00,6732.00,228037.00,29694.70
19,Walgreens Boots Alliance,287000.00,136866.00,3982.00,67598.00,40528.20
20,Verizon Communications,135000.00,131868.00,19265.00,291727.00,222220.00
21,Microsoft,144000.00,125843.00,39240.00,286556.00,1199549.70
22,Marathon Petroleum,60910.00,124813.00,2637.00,98556.00,15353.00
23,Kroger,435000.00,122286.00,1659.00,45256.00,24113.70
24,Fannie Mae,7500.00,120304.00,14160.00,3503319.00,1841.40
25,Bank of America,208131.00,113589.00,27430.00,2434079.00,185226.90
26,Home Depot,415700.00,110225.00,11242.00,51236.00,200665.00
27,Phillips 66,14500.00,109559.00,3076.00,58720.00,23490.00
28,Comcast,190000.00,108942.00,13057.00,263414.00,156533.30
29,Anthem,70600.00,104213.00,4807.00,77453.00,57245.20
30,Wells Fargo,259800.00,103915.00,19549.00,1927555.00,117365.70
31,Citigroup,200000.00,103449.00,19401.00,1951158.00,88376.50
32,Valero Energy,10222.00,102729.00,2422.00,53864.00,18531.60
33,General Electric,205000.00,95214.00,-4979.00,266048.00,69406.10
34,Dell Technologies,165000.00,92154.00,4616.00,118861.00,29246.20
35,Johnson & Johnson,132200.00,82059.00,15119.00,157728.00,345704.90
36,State Farm Insurance,57672.00,79395.30,5592.70,294823.20,-
37,Target,368000.00,78112.00,3281.00,42779.00,46574.40
38,IBM,383800.00,77147.00,9431.00,152186.00,98551.10
39,Raytheon Technologies,243200.00,77046.00,5537.00,139716.00,81705.30
40,Boeing,161100.00,76559.00,-636.00,133625.00,84148.60
41,Freddie Mac,6892.00,75125.00,7214.00,2203623.00,908.70
42,Centene,56600.00,74639.00,1321.00,40994.00,34862.40
43,United Parcel Service,377640.00,74094.00,4440.00,57857.00,80196.10
44,Lowe's,260000.00,72148.00,4281.00,39471.00,64963.30
45,Intel,110800.00,71965.00,21048.00,136524.00,231661.90
46,Facebook,44942.00,70697.00,18485.00,133376.00,475455.20
47,FedEx,389500.00,69693.00,540.00,54403.00,31679.10
48,MetLife,49000.00,69620.00,5899.00,740463.00,27996.90
49,Walt Disney,223000.00,69570.00,11054.00,193984.00,174405.40
50,Procter & Gamble,97000.00,67684.00,3897.00,115095.00,271639.80
51,PepsiCo,267000.00,67161.00,7314.00,78547.00,166847.80
52,Humana,46000.00,64888.00,2707.00,29074.00,41489.50
53,Prudential Financial,51511.00,64807.00,4186.00,896552.00,20649.70
54,Archer Daniels Midland,38100.00,64656.00,1379.00,43997.00,19602.60
55,Albertsons,267000.00,60534.50,131.10,20776.60,-
56,Sysco,69000.00,60113.90,1674.30,17966.50,23203.20
57,Lockheed Martin,110000.00,59812.00,6230.00,47528.00,95539.30
58,HP,56000.00,58756.00,3152.00,33467.00,24820.70
59,Energy Transfer,12812.00,54213.00,3592.00,98880.00,12373.50
60,Goldman Sachs Group,38300.00,53922.00,8466.00,992968.00,55416.70
61,Morgan Stanley,60431.00,53823.00,9042.00,895429.00,52101.50
62,Caterpillar,102300.00,53800.00,6093.00,78453.00,63831.60
63,Cisco Systems,75900.00,51904.00,11621.00,97793.00,166709.00
64,Pfizer,88300.00,51750.00,16273.00,167489.00,181074.90
65,HCA Healthcare,245000.00,51336.00,3505.00,45058.00,30411.40
66,AIG,46000.00,49746.00,3348.00,525064.00,20886.30
67,American Express,64500.00,47020.00,6759.00,198321.00,68982.70
68,Delta Air Lines,91224.00,47007.00,4767.00,64532.00,18261.90
69,Merck,71000.00,46840.00,9843.00,84397.00,195140.50
70,American Airlines Group,133700.00,45768.00,1686.00,59995.00,5193.70
71,Charter Communications,95100.00,45764.00,1668.00,148188.00,111924.00
72,Allstate,46035.00,44675.00,4847.00,119950.00,29070.50
73,New York Life Insurance,11519.00,44116.60,1003.80,330806.30,-
74,Nationwide,28114.00,43982.00,829.70,239539.60,-
75,Best Buy,125000.00,43638.00,1541.00,15591.00,14647.40
76,United Airlines Holdings,96000.00,43259.00,3009.00,52611.00,7822.90
77,Liberty Mutual Insurance Group,45000.00,43228.00,1044.00,133644.00,-
78,Dow,36500.00,42951.00,-1359.00,60524.00,21716.00
79,Tyson Foods,141000.00,42405.00,2022.00,33097.00,21124.80
80,TJX,286000.00,41717.00,3272.20,24145.00,57262.00
81,TIAA,16533.00,40454.40,2460.10,615042.30,-
82,Oracle,136000.00,39506.00,11083.00,108709.00,152412.70
83,General Dynamics,102900.00,39350.00,3484.00,48841.00,38398.10
84,Deere,73489.00,39258.00,3253.00,73011.00,43329.70
85,Nike,76700.00,39117.00,4029.00,23717.00,128857.00
86,Progressive,41571.00,39022.30,3970.30,54895.30,43218.40
87,Publix Super Markets,207000.00,38462.80,3005.40,24507.10,-
88,Coca-Cola,86200.00,37266.00,8920.00,86381.00,189983.00
89,Massachusetts Mutual Life Insurance,9896.00,37253.40,3700.70,290730.70,-
90,Tech Data,15000.00,36998.40,374.50,13268.60,4645.00
91,World Fuel Services,5500.00,36819.00,178.90,5992.40,1646.90
92,Honeywell International,113000.00,36709.00,6143.00,58679.00,94627.90
93,ConocoPhillips,10400.00,36670.00,7189.00,70514.00,33167.30
94,USAA,35076.00,35617.40,4006.30,173732.60,-
95,Exelon,32713.00,34438.00,2936.00,124977.00,35850.40
96,Northrop Grumman,90000.00,33841.00,2248.00,41089.00,50718.60
97,Capital One Financial,51900.00,33766.00,5546.00,390365.00,23063.20
98,Plains GP Holdings,5000.00,33669.00,331.00,29969.00,1021.80
99,AbbVie,30000.00,33266.00,7882.00,89115.00,112507.70
100,StoneX Group,2012.00,32897.00,85.10,9936.10,699.90
101,Enterprise Products Partners,7300.00,32789.20,4591.30,61733.20,31305.90
102,Northwestern Mutual,5964.00,32293.60,1268.00,290318.00,-
103,3M,96163.00,32136.00,4570.00,44659.00,78528.80
104,Abbott Laboratories,107000.00,31904.00,3687.00,67887.00,139152.50
105,CHS,10703.00,31900.50,829.90,16447.50,-
106,Travelers,30800.00,31581.00,2622.00,110122.00,25337.30
107,Philip Morris International,73500.00,29805.00,7185.00,42875.00,113606.40
108,Raytheon,70000.00,29176.00,3343.00,34566.00,36517.50
109,Hewlett Packard Enterprise,61600.00,29135.00,1049.00,51803.00,12509.80
110,Arrow Electronics,19300.00,28916.80,-204.10,16400.80,4182.90
111,ViacomCBS,26280.00,27812.00,3308.00,49519.00,8798.20
112,Dollar General,143000.00,27754.00,1712.60,22825.10,38045.70
113,U.S. Bancorp,69651.00,27325.00,6914.00,495426.00,52407.50
114,Starbucks,346000.00,26508.60,3599.20,19219.60,77178.60
115,Bristol-Myers Squibb,30000.00,26145.00,3439.00,129944.00,126109.70
116,US Foods Holding,28000.00,25939.00,385.00,11288.00,3898.40
117,Mondelez International,80000.00,25868.00,3870.00,64549.00,71761.80
118,Paccar,27000.00,25599.70,2387.90,28361.10,21174.90
119,Thermo Fisher Scientific,75000.00,25542.00,3696.00,58381.00,113107.70
120,Macy's,123000.00,25331.00,564.00,21172.00,1520.40
121,Jabil,200000.00,25282.30,287.10,12970.50,3738.40
122,Kraft Heinz,37000.00,24977.00,1935.00,101450.00,30226.30
123,Duke Energy,28793.00,24658.00,3748.00,158838.00,59368.20
124,Tesla,48016.00,24578.00,-862.00,34309.00,96473.40
125,PBF Energy,3442.00,24508.20,319.40,9132.40,848.10
126,Qualcomm,37000.00,24273.00,4386.00,32957.00,77326.80
127,NGL Energy Partners,1300.00,24087.80,360.00,5902.50,333.70
128,CBRE Group,100000.00,23894.10,1282.40,16197.20,12625.00
129,Baker Hughes,68000.00,23838.00,128.00,53369.00,10827.30
130,Synnex,240900.00,23757.30,500.70,11698.00,3718.90
131,Dollar Tree,125000.00,23610.80,827.00,19574.60,17398.50
132,Cummins,61615.00,23571.00,2260.00,19737.00,20043.90
133,United Natural Foods,19000.00,23481.10,-285.00,7181.00,492.20
134,Micron Technology,37000.00,23406.00,6313.00,48887.00,46778.50
135,Amgen,23400.00,23362.00,7842.00,59707.00,119571.50
136,Penske Automotive Group,26980.00,23179.40,435.80,13942.70,2264.90
137,Visa,19500.00,22977.00,12080.00,72574.00,316199.10
138,Broadcom,19000.00,22597.00,2724.00,67493.00,94790.50
139,Nucor,26800.00,22588.90,1271.10,18344.70,10846.80
140,Gilead Sciences,11800.00,22449.00,5386.00,61627.00,94124.00
141,Southwest Airlines,60767.00,22428.00,2300.00,25895.00,18420.90
142,Halliburton,55000.00,22408.00,-1131.00,25377.00,6027.40
143,CenturyLink,42500.00,22401.00,-5269.00,64742.00,10307.10
144,International Paper,51000.00,22376.00,1225.00,33471.00,12206.80
145,Eli Lilly,33625.00,22319.50,8318.40,39286.10,132760.40
146,Aflac,11729.00,22307.00,3304.00,152768.00,24738.80
147,Lennar,10106.00,22259.60,1849.10,29359.50,11590.80
148,Occidental Petroleum,14400.00,21971.00,-667.00,109330.00,10366.70
149,Union Pacific,37483.00,21708.00,5919.00,61673.00,97354.50
150,Rite Aid,42645.00,21674.40,-422.20,7591.40,822.30
151,PNC Financial Services Group,50968.00,21624.00,5369.00,410295.00,41037.70
152,DuPont,35000.00,21512.00,498.00,69396.00,25213.10
153,Southern,27943.00,21419.00,4739.00,118700.00,57075.90
154,AutoNation,25000.00,21335.70,450.00,10543.30,2510.70
155,DXC Technology,130000.00,21184.00,1257.00,29574.00,3311.10
156,McDonald's,205000.00,21076.50,6025.40,47510.80,123259.60
157,Marriott International,174000.00,20972.00,1273.00,25051.00,24254.50
158,ManpowerGroup,28000.00,20863.50,465.70,9223.80,3109.40
159,Bank of New York Mellon,48400.00,20822.00,4441.00,381508.00,29808.50
160,Hartford Financial Services Group,19500.00,20740.00,2085.00,70817.00,12624.80
161,Danaher,60000.00,20521.20,3008.20,62081.60,96457.30
162,Whirlpool,77000.00,20419.00,1184.00,18881.00,5377.80
163,AECOM,86000.00,20173.30,-261.10,14461.60,4734.90
164,Netflix,8600.00,20156.40,1866.90,33975.70,164771.90
165,Kohl's,79500.00,19974.00,691.00,14555.00,2265.00
166,Lear,164100.00,19810.30,753.60,12680.70,4913.40
167,Altria Group,7300.00,19796.00,-1293.00,49271.00,71863.00
168,Performance Food Group,18000.00,19743.50,166.80,4653.50,2896.70
169,Avnet,15500.00,19518.60,176.30,8564.60,2505.90
170,Synchrony Financial,16500.00,19461.00,3747.00,104826.00,9870.80
171,Genuine Parts,55000.00,19392.30,621.10,14645.60,9788.50
172,NextEra Energy,14800.00,19204.00,3769.00,117691.00,117655.00
173,CarMax,25946.00,19146.00,842.40,18717.90,8795.00
174,Tenet Healthcare,101104.00,18479.00,-232.00,23351.00,1501.80
175,Kimberly-Clark,40000.00,18450.00,2157.00,15283.00,43662.50
176,Emerson Electric,88000.00,18372.00,2306.00,20497.00,29154.20
177,WestRock,51100.00,18289.00,862.90,30156.70,7304.00
178,CDW,9900.00,18032.40,736.80,7999.40,13316.30
179,Jones Lang LaSalle,93400.00,17983.20,535.30,13672.60,5207.10
180,Sherwin-Williams,61111.00,17900.80,1541.30,20496.20,42185.80
181,Fluor,53349.00,17817.20,-1305.00,7883.70,968.60
182,PayPal Holdings,23200.00,17772.00,2459.00,51333.00,112298.80
183,D.R. Horton,8916.00,17592.90,1618.50,15606.60,12456.40
184,HollyFrontier,4074.00,17486.60,772.40,12164.80,3967.80
185,Tenneco,78000.00,17450.00,-334.00,13226.00,292.30
186,EOG Resources,2900.00,17380.00,2734.90,37124.60,20907.40
187,Becton Dickinson,70093.00,17290.00,1233.00,51765.00,62307.50
188,Lincoln National,11357.00,17258.00,886.00,334761.00,5142.20
189,PG&E,23000.00,17129.00,-7656.00,85196.00,4762.80
190,salesforce.com,49000.00,17098.00,126.00,55126.00,128862.10
191,Mastercard,18600.00,16883.00,8118.00,29236.00,242794.10
192,General Mills,40000.00,16865.20,1752.70,30111.20,31986.00
193,Molina Healthcare,10000.00,16829.00,737.00,6787.00,8500.80
194,Cognizant Technology Solutions,292500.00,16783.00,1842.00,16204.00,25495.20
195,Marsh & McLennan,76000.00,16652.00,1742.00,31357.00,43567.00
196,XPO Logistics,100000.00,16648.00,419.00,14128.00,4502.40
197,Dominion Energy,19100.00,16572.00,1358.00,103823.00,60514.90
198,Western Digital,61800.00,16569.00,-754.00,26370.00,12441.50
199,Gap,129000.00,16383.00,351.00,13679.00,2614.00
200,Aramark,233400.00,16227.30,448.50,13736.30,5037.80
201,Principal Financial,17601.00,16222.10,1394.20,276087.80,8608.70
202,Ross Stores,92500.00,16039.10,1660.90,9348.40,30952.30
203,Colgate-Palmolive,34300.00,15693.00,2367.00,15034.00,56900.20
204,American Electric Power,17408.00,15561.40,1921.10,75892.30,39576.70
205,Nordstrom,75000.00,15524.00,496.00,9737.00,2398.40
206,Jacobs Engineering Group,50000.00,15463.60,848.00,11462.70,10546.90
207,Waste Management,44900.00,15455.00,1670.00,27743.00,39210.90
208,C.H. Robinson Worldwide,15427.00,15309.50,577.00,4641.10,8694.70
209,PPG Industries,47600.00,15146.00,1243.00,17708.00,19722.10
210,Booking Holdings,26400.00,15066.00,4865.00,21402.00,55241.30
211,Omnicom Group,70000.00,14953.70,1339.10,26783.40,11906.00
212,Loews,18605.00,14931.00,932.00,82243.00,10023.00
213,Ecolab,50200.00,14906.30,1558.90,20869.10,45060.80
214,Stryker,40000.00,14884.00,2083.00,30167.00,62405.10
215,Estee Lauder,48000.00,14863.00,1785.00,13156.00,57289.10
216,Goodyear Tire & Rubber,63000.00,14745.00,-311.00,17185.00,1354.20
217,Truist Financial,59000.00,14664.00,3224.00,473078.00,41479.80
218,Applied Materials,22000.00,14608.00,2706.00,19024.00,42076.70
219,BlackRock,16200.00,14539.00,4476.00,168622.00,68119.50
220,Stanley Black & Decker,59438.00,14442.20,955.80,20596.60,15402.50
221,Freeport-McMoRan,27500.00,14402.00,-239.00,40809.00,9794.10
222,Texas Instruments,29768.00,14383.00,5017.00,18018.00,93303.20
223,Biogen,7400.00,14377.90,5888.50,27234.30,55070.40
224,Parker-Hannifin,55610.00,14320.30,1512.40,17576.70,16652.50
225,Reinsurance Group of America,3188.00,14300.00,870.00,76731.00,5186.00
226,Howmet Aerospace,41700.00,14192.00,470.00,17578.00,7000.90
227,Automatic Data Processing,58000.00,14175.20,2292.80,41887.70,59012.20
228,Uber Technologies,26900.00,14147.00,-8506.00,31761.00,48226.10
229,Illinois Tool Works,45000.00,14109.00,2521.00,15068.00,45125.60
230,DaVita,65000.00,14101.50,811.00,17311.40,9553.10
231,Discover Financial Services,17200.00,13989.00,2957.00,113996.00,10923.50
232,Land O'Lakes,8000.00,13887.70,205.90,8899.30,-
233,VF,75000.00,13870.60,1259.80,10356.80,21346.50
234,Corteva,21000.00,13846.00,-959.00,42397.00,17608.20
235,Las Vegas Sands,50000.00,13739.00,2698.00,23199.00,32433.70
236,Textron,35000.00,13630.00,815.00,15018.00,6071.30
237,Kellogg,31000.00,13578.00,960.00,17564.00,20546.50
238,Guardian Life Ins. Co. of America,9032.00,13476.70,679.80,79387.70,-
239,Qurate Retail,25314.00,13458.00,-456.00,17305.00,2539.60
240,Core-Mark Holding,8555.00,13329.20,57.70,1898.40,1294.80
241,Community Health Systems,71500.00,13210.00,-675.00,15609.00,393.60
242,Kinder Morgan,11086.00,13209.00,2190.00,74157.00,31529.70
243,BJ's Wholesale Club,27231.00,13190.70,187.20,5269.80,3496.20
244,State Street,39103.00,13131.00,2242.00,245610.00,18875.80
245,Ameriprise Financial,12500.00,13103.00,1893.00,151828.00,12601.80
246,Global Partners,3860.00,13081.70,35.90,2808.40,299.80
247,United States Steel,27500.00,12937.00,-630.00,11608.00,1074.30
248,L Brands,59950.00,12914.20,-366.40,10125.00,3196.70
249,MGM Resorts International,72000.00,12899.70,2049.10,33876.40,5813.80
250,L3Harris Technologies,50000.00,12856.00,1333.00,38336.00,39067.30
251,DISH Network,16000.00,12807.70,1399.50,33230.90,10455.80
252,Lithia Motors,14320.00,12672.70,271.50,6083.90,1910.00
253,DTE Energy,10700.00,12669.00,1169.00,41882.00,18289.50
254,American Family Insurance Group,13531.00,12633.20,455.90,31123.70,-
255,Farmers Insurance Exchange,10980.00,12592.50,55.30,17456.50,-
256,Consolidated Edison,14890.00,12574.00,1343.00,58079.00,26034.50
257,LKQ,51000.00,12506.10,541.30,12780.00,6310.70
258,Sempra Energy,13969.00,12443.00,2197.00,65665.00,33037.40
259,Edison International,12937.00,12347.00,1284.00,64382.00,19867.60
260,CenterPoint Energy,14262.00,12301.00,791.00,35439.00,7765.40
261,Quanta Services,40300.00,12112.20,402.00,8331.70,4537.20
262,Murphy USA,7250.00,12101.30,154.80,2687.20,2556.80
263,Expedia Group,25400.00,12067.00,565.00,21416.00,7877.20
264,Group 1 Automotive,15296.00,12043.80,174.00,5570.20,813.20
265,Bed Bath & Beyond,62000.00,12028.80,-137.20,6570.50,534.50
266,Unum Group,10300.00,11998.90,1100.30,67013.40,3046.60
267,CSX,20908.00,11937.00,3331.00,38257.00,44161.70
268,AutoZone,75840.00,11863.70,1617.20,9895.90,19756.20
269,Pacific Life,3815.00,11847.00,725.00,171473.00,-
270,Vistra Energy,5475.00,11809.00,928.00,26616.00,7795.30
271,Charles Schwab,19700.00,11785.00,3704.00,294005.00,43278.20
272,Crown Holdings,33043.00,11665.00,510.00,15505.00,7875.80
273,Ally Financial,8700.00,11618.00,1715.00,180644.00,5402.50
274,Laboratory Corp. of America,65000.00,11554.80,823.80,18046.40,12297.70
275,Live Nation Entertainment,18200.00,11548.00,69.90,10975.60,9752.60
276,Xcel Energy,11295.00,11529.00,1372.00,50448.00,31637.50
277,Corning,49500.00,11503.00,960.00,28898.00,15664.20
278,W.W. Grainger,24550.00,11486.00,849.00,6005.00,13337.80
279,Ball,18300.00,11474.00,566.00,17360.00,21065.30
280,Fox,7700.00,11389.00,1595.00,19509.00,14142.90
281,Universal Health Services,79050.00,11378.30,814.90,11668.30,8593.20
282,Baxter International,50000.00,11362.00,1001.00,18193.00,41180.10
283,Norfolk Southern,24587.00,11296.00,2722.00,37923.00,37537.30
284,Navistar International,12300.00,11251.00,221.00,6917.00,1640.60
285,Adobe,22634.00,11171.30,2951.50,20762.40,153328.30
286,J.C. Penney,90000.00,11167.00,-268.00,7989.00,115.60
287,Discovery,9200.00,11144.00,2069.00,33735.00,9503.10
288,Keurig Dr Pepper,25500.00,11120.00,1254.00,49518.00,34147.60
289,Leidos Holdings,34000.00,11094.00,667.00,9367.00,13000.30
290,IQVIA Holdings,67000.00,11088.00,191.00,23251.00,20797.20
291,Reliance Steel & Aluminum,15300.00,10973.80,701.50,8131.10,5856.30
292,Nvidia,13775.00,10918.00,2796.00,17315.00,161451.20
293,Entergy,13635.00,10878.70,1241.20,51723.90,18870.60
294,FirstEnergy,12316.00,10850.00,912.00,42301.00,21666.40
295,eBay,13300.00,10800.00,1786.00,18174.00,23930.20
296,Boston Scientific,36000.00,10735.00,4700.00,30565.00,45655.90
297,Office Depot,40000.00,10647.00,99.00,7311.00,867.70
298,Molson Coors Beverage,17700.00,10579.40,241.70,28859.80,8441.00
299,Steel Dynamics,8385.00,10465.00,671.10,8275.80,4793.80
300,Mutual of Omaha Insurance,6072.00,10455.70,271.50,50173.60,-
301,Sonic Automotive,9300.00,10454.30,144.10,4071.00,567.10
302,Alcoa,13800.00,10433.00,-1125.00,14631.00,1145.20
303,Fidelity National Information Services,55000.00,10333.00,298.00,83806.00,74969.40
304,Henry Schein,19000.00,10305.30,694.70,7151.10,7244.10
305,Republic Services,36000.00,10299.40,1073.30,22683.80,23955.70
306,Liberty Media,6753.00,10292.00,106.00,44189.00,9971.60
307,Peter Kiewit Sons',23000.00,10283.00,419.00,5717.00,-
308,Interpublic Group,54300.00,10221.30,656.00,17751.90,6278.90
309,PulteGroup,5245.00,10213.00,1016.70,10715.60,6014.80
310,AES,8000.00,10189.00,303.00,33648.00,9040.80
311,Fiserv,44000.00,10187.00,893.00,77539.00,64507.60
312,BorgWarner,29000.00,10168.00,746.00,9702.00,5037.40
313,Oneok,2882.00,10164.40,1278.60,21812.10,9014.50
314,O'Reilly Automotive,67663.00,10150.00,1391.00,10717.20,22353.40
315,Assurant,13900.00,10086.80,382.60,44291.20,6217.90
316,Newell Brands,30000.00,10083.10,106.60,15642.00,5949.10
317,Public Service Enterprise Group,12992.00,10076.00,1693.00,47730.00,22685.30
318,News Corp.,28000.00,10074.00,155.00,15711.00,5279.70
319,Calpine,2256.00,10072.00,770.00,16649.00,-
320,Auto-Owners Insurance,6141.00,10007.40,1352.40,27134.80,-
321,Mohawk Industries,41800.00,9970.70,744.20,13386.70,5464.30
322,PVH,30750.00,9909.00,417.30,13631.00,2746.20
322,Campbell Soup,19000.00,9909.00,211.00,13148.00,13928.50
324,NRG Energy,4577.00,9871.00,4438.00,12531.00,6829.80
325,Fifth Third Bancorp,19869.00,9790.00,2512.00,169369.00,10560.30
326,Hertz Global Holdings,38000.00,9779.00,-58.00,24627.00,878.00
327,Altice USA,10700.00,9760.90,138.90,34108.10,14109.50
328,Newmont,16600.00,9740.00,2805.00,39974.00,36576.60
329,Cheniere Energy,1530.00,9730.00,648.00,35492.00,8511.80
330,Advance Auto Parts,53000.00,9709.00,486.90,11248.50,6461.30
331,Lam Research,10700.00,9653.60,2191.40,12001.30,34931.60
332,Owens & Minor,15400.00,9650.00,-62.40,3643.10,576.90
333,Equitable Holdings,10100.00,9591.00,-1733.00,249870.00,6706.90
334,Conagra Brands,18000.00,9538.40,678.30,22213.80,14290.80
335,Markel,18600.00,9526.20,1790.50,37473.80,12787.10
336,Jones Financial (Edward Jones),49000.00,9526.00,1092.00,19317.00,-
337,Hormel Foods,18800.00,9497.30,978.80,8109.00,25081.90
338,Hilton Worldwide Holdings,173000.00,9452.00,881.00,14957.00,18933.00
339,Univar Solutions,10300.00,9443.80,-100.20,6494.80,1810.40
340,United Rentals,19100.00,9351.00,1174.00,18970.00,7622.60
341,Pioneer Natural Resources,2323.00,9304.00,756.00,19067.00,11624.90
342,Delek US Holdings,3707.00,9298.20,310.60,7016.30,1190.10
343,Eastman Chemical,14500.00,9273.00,759.00,16008.00,6330.00
344,EMCOR Group,36000.00,9174.60,325.10,4830.40,3449.80
345,Avis Budget Group,25600.00,9172.00,302.00,23126.00,966.60
346,J.B. Hunt Transport Services,29056.00,9165.30,516.30,5470.90,9800.30
347,Xerox Holdings,27000.00,9145.00,1353.00,15047.00,4030.20
348,Wayfair,16985.00,9127.10,-984.60,2953.00,5042.70
349,KKR,1384.00,9120.30,2005.00,60899.30,19912.60
350,AGCO,20961.00,9041.40,125.20,7759.70,3546.30
351,Alleghany,10786.00,9040.70,857.80,26931.60,7923.50
352,Icahn Enterprises,28033.00,8992.00,-1098.00,24639.00,10365.70
353,Voya Financial,6000.00,8942.00,-351.00,169051.00,5366.20
354,Ryder System,39900.00,8925.80,-24.40,14475.30,1380.70
355,Air Products & Chemicals,17570.00,8918.90,1760.00,18942.80,44049.60
356,Mosaic,12600.00,8906.30,-1067.40,19298.50,4098.20
357,Huntington Ingalls Industries,42000.00,8899.00,549.00,7031.00,7420.30
358,Berry Global Group,48000.00,8878.00,404.00,16469.00,4463.00
359,Anixter International,9400.00,8845.60,262.90,4808.90,2972.70
360,Alaska Air Group,24134.00,8781.00,769.00,12993.00,3490.00
361,Yum China Holdings,450000.00,8776.00,713.00,6950.00,16033.20
362,Dick's Sporting Goods,28450.00,8750.70,297.50,6628.60,1848.30
363,Caesars Entertainment,64000.00,8742.00,-1195.00,25345.00,4612.10
364,Genworth Financial,3100.00,8681.00,343.00,101342.00,1675.80
365,Targa Resources,2680.00,8671.10,-209.20,18815.10,1610.80
366,Coty,19000.00,8648.50,-3784.20,17665.40,3924.40
367,Dana,36300.00,8620.00,226.00,7220.00,1128.20
368,Thrivent Financial for Lutherans,3235.00,8611.70,968.10,102478.30,-
369,Autoliv,61957.00,8547.60,461.50,6771.20,4017.40
370,SpartanNash,13800.00,8536.10,5.70,2275.60,520.50
371,Eversource Energy,8234.00,8526.50,909.10,41123.90,25835.30
372,Darden Restaurants,184514.00,8510.40,713.40,5892.80,6580.00
373,Chesapeake Energy,2300.00,8489.00,-308.00,16193.00,337.70
374,National Oilwell Varco,34645.00,8479.00,-6095.00,13149.00,3793.90
375,Fidelity National Financial,23484.00,8469.00,1062.00,10677.00,6854.30
376,Erie Insurance Group,5778.00,8443.30,551.00,23346.70,-
377,Oshkosh,15400.00,8382.00,579.40,5566.30,4394.40
378,Casey's General Stores,26866.00,8364.90,203.90,3731.40,4874.80
379,WESCO International,9500.00,8358.90,223.40,5017.60,956.80
380,Tractor Supply,24000.00,8351.90,562.40,5289.30,9809.90
381,CommScope Holding,30000.00,8345.10,-929.50,14431.60,1779.00
382,Huntsman,10000.00,8342.00,562.00,8320.00,3217.20
383,American Financial Group,7700.00,8237.00,897.00,70130.00,6331.00
384,Masco,22000.00,8235.00,935.00,5027.00,9118.00
385,Sanmina,38500.00,8233.90,141.50,3905.50,1927.20
386,Amphenol,74000.00,8225.40,1155.00,10815.50,21725.60
387,Williams,4812.00,8201.00,850.00,46040.00,17165.70
388,Westinghouse Air Brake,27500.00,8200.00,326.70,18944.20,9227.10
389,Expeditors Intl. of Washington,18000.00,8175.40,590.40,3691.90,11208.20
390,Andersons,2284.00,8170.20,18.30,3900.70,628.70
391,Westlake Chemical,9430.00,8118.00,421.00,13261.00,4900.80
392,Constellation Brands,9800.00,8116.00,3435.90,29231.50,27601.30
393,Frontier Communications,18317.00,8107.00,-5911.00,17488.00,39.90
394,JetBlue Airways,19032.00,8094.00,569.00,11918.00,2525.70
395,Citizens Financial Group,17997.00,8066.00,1791.00,165733.00,8040.00
396,Raymond James Financial,14200.00,8023.00,1034.00,38830.00,8802.70
397,Foot Locker,33294.00,8005.00,491.00,6589.00,2297.40
398,Hershey,15330.00,7986.30,1149.70,8140.40,27791.80
399,Zimmer Biomet Holdings,19900.00,7982.20,1131.60,24638.70,20891.40
400,Cincinnati Financial,5200.00,7924.20,1997.40,25407.90,12241.50
401,Western & Southern Financial Group,2787.00,7920.50,244.90,54702.70,-
402,W.R. Berkley,7493.00,7902.20,681.90,26643.40,9569.10
403,Motorola Solutions,17000.00,7887.00,868.00,10642.00,22802.90
404,Thor Industries,21750.00,7864.80,133.30,5660.40,2328.30
405,Regeneron Pharmaceuticals,8100.00,7863.40,2115.80,14805.20,53721.60
406,Spirit AeroSystems Holdings,18200.00,7863.10,530.10,7606.00,2506.50
407,J.M. Smucker,7400.00,7838.00,514.40,16711.30,12658.20
408,PPL,12280.00,7769.00,1746.00,45680.00,18949.60
409,Insight Enterprises,11261.00,7731.20,159.40,4178.20,1485.70
410,Quest Diagnostics,47000.00,7726.00,858.00,12843.00,10716.40
411,KeyCorp,17045.00,7694.00,1717.00,144988.00,10057.80
412,Veritiv,8000.00,7659.40,-29.50,2511.10,126.90
413,DCP Midstream,2250.00,7625.00,17.00,14127.00,847.90
414,American Tower,5454.00,7580.30,1887.80,42801.60,96444.00
415,Graybar Electric,9000.00,7523.90,144.50,2517.70,-
416,WEC Energy Group,7509.00,7523.10,1134.00,34951.80,27799.20
417,NVR,5700.00,7428.40,878.50,3809.80,9475.00
418,Ulta Beauty,31000.00,7398.10,705.90,4863.90,9893.60
419,Devon Energy,1800.00,7372.00,-355.00,13717.00,2645.80
420,Blackstone Group,2905.00,7338.30,2049.70,32585.50,30696.40
421,Dean Foods,14500.00,7328.70,-499.90,2228.60,9.70
422,Fortive,25000.00,7326.10,738.90,17439.00,18566.80
423,UGI,12800.00,7320.40,256.20,13346.60,5562.00
424,Burlington Stores,47000.00,7286.40,465.10,5593.90,10441.30
425,Builders FirstSource,15800.00,7280.40,221.80,3249.50,1420.30
426,Toll Brothers,5100.00,7224.00,590.00,10828.10,2439.60
427,Old Republic International,9000.00,7213.70,1056.40,21076.30,4634.90
428,Asbury Automotive Group,8500.00,7210.30,184.40,2911.30,1064.80
429,Arthur J. Gallagher,33247.00,7195.00,668.80,19634.80,15454.90
430,MasTec,21000.00,7183.20,392.30,4997.00,2506.60
431,Owens Corning,19000.00,7160.00,405.00,10006.00,4200.90
432,Magellan Health,10100.00,7159.40,55.90,3092.20,1188.20
433,Dover,24000.00,7136.40,677.90,8669.50,12094.40
434,Beacon Roofing Supply,8147.00,7105.20,-10.60,6392.80,1138.00
435,Avery Dennison,30000.00,7070.10,303.60,5488.80,8485.40
436,Hanesbrands,63000.00,6966.90,600.70,7354.00,2816.50
437,Packaging Corp. of America,15500.00,6964.30,696.40,7235.80,8235.80
438,M&T Bank,17386.00,6941.30,1929.10,119872.80,13440.80
439,NCR,36000.00,6915.00,564.00,8987.00,2287.00
440,Northern Trust,19800.00,6895.10,1492.20,136828.40,15791.30
441,Cintas,45000.00,6892.30,885.00,7436.70,18023.60
442,Polaris,14000.00,6863.40,324.00,4430.50,2959.00
443,CMS Energy,8459.00,6845.00,680.00,26837.00,16697.20
444,Seaboard,13100.00,6840.00,283.00,6285.00,3273.80
445,Intuit,9400.00,6784.00,1557.00,6283.00,59912.60
446,Regions Financial,19564.00,6755.00,1582.00,126240.00,8587.80
447,FM Global,5591.00,6743.10,2479.30,25053.80,-
448,Advanced Micro Devices,11400.00,6731.00,341.00,6028.00,53250.40
449,Ovintiv,2571.00,6726.00,234.00,21487.00,701.50
450,Booz Allen Hamilton Holding,26100.00,6704.00,418.50,3831.80,9624.30
451,S&P Global,22500.00,6699.00,2123.00,11348.00,59042.20
452,Rockwell Automation,23000.00,6694.80,695.80,6113.00,17533.30
453,O-I Glass,27500.00,6691.00,-400.00,9610.00,1108.50
454,Wynn Resorts,30200.00,6611.10,123.00,13871.30,6471.40
455,Securian Financial Group,6400.00,6600.60,434.80,63138.30,-
456,Alliance Data Systems,8500.00,6580.90,278.00,26494.80,1602.70
457,Weyerhaeuser,9400.00,6554.00,-76.00,16406.00,12636.50
457,Brighthouse Financial,1330.00,6554.00,-740.00,227259.00,2540.20
459,Intercontinental Exchange,5989.00,6547.00,1933.00,94493.00,44342.90
460,American Axle & Manufacturing,20000.00,6530.90,-484.50,6644.60,408.10
461,Hess,1775.00,6510.00,-408.00,21782.00,10163.60
462,ABM Industries,140000.00,6498.60,127.40,3692.60,1623.10
463,Activision Blizzard,9200.00,6489.00,1503.00,19845.00,45753.30
464,GameStop,30000.00,6466.00,-470.90,2819.70,225.60
465,Apache,3163.00,6411.00,-3553.00,18107.00,1577.20
466,Science Applications International,24311.00,6379.00,226.00,4711.00,4316.90
467,AK Steel Holding,9300.00,6359.40,11.20,4590.60,-
468,Dillard's,30400.00,6343.20,111.10,3430.30,863.80
469,Ralph Lauren,18650.00,6313.00,430.90,5942.80,4928.30
470,Celanese,7714.00,6297.00,852.00,9476.00,8775.00
471,R.R. Donnelley & Sons,36400.00,6276.20,-93.20,3330.10,68.00
472,Zoetis,10600.00,6260.00,1500.00,11545.00,55895.00
473,Ascena Retail Group,33000.00,6242.80,-661.40,2699.80,13.90
474,Clorox,8800.00,6214.00,820.00,5116.00,21673.50
475,Ingredion,11000.00,6209.00,413.00,6040.00,5049.60
476,First American Financial,18412.00,6202.10,707.40,11519.20,4790.60
477,Graphic Packaging Holding,18000.00,6160.10,206.80,7289.90,3542.00
478,NetApp,10500.00,6146.00,1169.00,8741.00,9220.90
478,HD Supply Holdings,11500.00,6146.00,452.00,4715.00,4605.30
480,TravelCenters of America,18594.00,6117.40,33.30,3230.90,81.20
481,Olin,6500.00,6110.00,-11.30,9187.80,1841.80
482,Robert Half International,16000.00,6074.40,454.40,2311.40,4345.80
483,EnLink Midstream,1355.00,6052.90,-1119.30,9335.80,537.30
484,Avantor,12000.00,6040.30,37.80,9773.30,7155.60
485,Tapestry,17400.00,6027.10,643.40,6877.30,3574.60
486,TD Ameritrade Holding,9226.00,6016.00,2208.00,43786.00,18738.80
487,Analog Devices,16400.00,5991.10,1363.00,21392.60,33010.90
488,Ameren,9323.00,5910.00,828.00,28933.00,17969.90
489,Williams-Sonoma,19300.00,5898.00,356.10,4054.00,3282.40
490,Realogy Holdings,10150.00,5870.00,-188.00,7543.00,346.90
491,Commercial Metals,11524.00,5829.00,198.10,3758.80,1880.00
492,Rush Enterprises,7244.00,5809.80,141.60,3407.30,1145.60
493,Franklin Resources,9597.00,5774.50,1195.70,14532.20,8293.20
494,Fortune Brands Home & Security,24700.00,5764.60,431.90,6291.30,6042.30
495,Levi Strauss,15800.00,5763.10,394.60,4232.40,4961.20
496,Crown Castle International,5100.00,5763.00,860.00,38457.00,60178.60
497,Simon Property Group,3750.00,5755.20,2101.60,31231.60,16834.80
498,Cerner,27400.00,5692.60,529.50,6894.60,19164.40
499,Post Holdings,10100.00,5681.10,124.70,11951.60,5732.00
500,Huntington Bancshares,15664.00,5655.00,1411.00,109002.00,8398.60
